{"cameraMode":{"drawMode":0,"name":"Shaded","section":"Shading Mode"},"sceneLighting":true,"audioPlay":false,"sceneViewState":{"m_AlwaysRefresh":false,"showFog":true,"showSkybox":true,"showFlares":true,"showImageEffects":true,"showParticleSystems":true,"showVisualEffectGraphs":true,"m_FxEnabled":true},"in2DMode":false,"pivot":{"x":0.0015413165092468262,"y":3.57686185836792,"z":0.0733833834528923},"rotation":{"x":0.02192346565425396,"y":-0.9710292816162109,"z":0.09822205454111099,"w":0.21673956513404847},"size":0.7071067690849304,"orthographic":false}